{
  "camera_matrix": [
    [
      866.4610172577017,
      0.0,
      485.31297365214584
    ],
    [
      0.0,
      869.5368158476779,
      378.11691168145796
    ],
    [
      0.0,
      0.0,
      1.0
    ]
  ],
  "dist_coeffs": [
    [
      0.1966614579393719,
      -1.3930912541616227,
      0.0431448480915914,
      -0.006604185278513151,
      5.72530780929774
    ]
  ],
  "image_size": [
    1024,
    576
  ],
  "square_size_m": 0.025,
  "chessboard_size": [
    9,
    6
  ],
  "valid_images": 10,
  "rms_error": 0.476119,
  "mean_reproj_error": 0.057438,
  "pass": true
}